,pregunta,respuesta
0,Qué son las emociones?,"Las emociones son reacciones psicológicas y fisiológicas a estímulos internos o externos, que nos hacen sentir de diferentes maneras, como felicidad, tristeza, miedo, etc."
1,Como surgen las emociones?,Las emociones surgen cuando nuestro cerebro procesa información de nuestro entorno y desencadena respuestas físicas y mentales que nos hacen reaccionar ante lo que sucede a nuestro alrededor.
2,Por qué sentimos miedo o felicidad?,Sentimos miedo cuando percibimos una amenaza y nuestro cuerpo se prepara para defenderse. Sentimos felicidad cuando experimentamos algo placentero o satisfactorio.
3,Por qué sentimos miedo?,Sentimos miedo cuando percibimos una amenaza y nuestro cuerpo se prepara para defenderse.
4,Por qué sentimos felicidad?,Sentimos felicidad cuando experimentamos algo placentero o satisfactorio.
5,Qué pasa en nuestro cuerpo cuando estamos enojados?,"Cuando estamos enojados, nuestro cuerpo libera adrenalina, nuestra respiración y frecuencia cardíaca aumentan, y nuestra energía se dirige hacia una posible respuesta de lucha o huida."
6,Por qué a veces no podemos controlar nuestras emociones?,"A veces nuestras emociones son tan intensas que superan nuestra capacidad de controlarlas, especialmente cuando están vinculadas a experiencias pasadas o situaciones estresantes."
7,Qué son los estímulos?,Los estímulos son cualquier tipo de evento o cosa que provoca una reacción en nuestro cuerpo o mente. Pueden ser internos (como un pensamiento) o externos (como un sonido o imagen).
8,Como afectan los estímulos a nuestra conducta?,"Los estímulos afectan nuestra conducta porque nos impulsan a reaccionar de una manera específica, como acercarnos a algo que nos atrae o alejarnos de algo que nos causa miedo o incomodidad."
9,Por qué a veces sobrepensamos las cosas?,"Sobrepensamos las cosas cuando nuestra mente se enfoca demasiado en los detalles, generando dudas o preocupaciones innecesarias, lo que impide tomar decisiones claras y rápidas."
10,Qué es el sobrepensamiento y cómo nos afecta?,"El sobrepensamiento es cuando pasamos mucho tiempo analizando y repensando algo, lo que puede generar ansiedad, estrés y parálisis en la toma de decisiones."
11,Qué es la subjetividad?,"La subjetividad es la forma única y personal en que cada individuo interpreta el mundo a través de sus propias experiencias, emociones y pensamientos."
12,Por qué dos personas pueden ver la misma situación de forma diferente?,"Porque cada persona tiene una perspectiva única influenciada por su personalidad, experiencias previas, creencias y emociones."
13,Qué son las perspectivas y cómo influyen en nuestras decisiones?,Las perspectivas son las formas en que percibimos los eventos y situaciones. Nuestra perspectiva influye en cómo interpretamos los problemas y las soluciones posibles.
14,Por qué algunas personas actúan de manera impulsiva?,"Las personas actúan de manera impulsiva cuando toman decisiones sin pensar demasiado en las consecuencias, a menudo debido a emociones intensas o falta de control consciente."
15,Qué factores influyen en la impulsividad?,"La impulsividad puede estar influenciada por factores emocionales, como el estrés, la frustración, la falta de autocontrol, o incluso por la genética."
16,Como el entorno afecta nuestra forma de actuar?,"El entorno, incluyendo el lugar donde vivimos, las personas que nos rodean y las experiencias cotidianas, influye en nuestras decisiones, comportamientos y emociones."
17,Qué son los hábitos?,"Los hábitos son comportamientos automáticos que repetimos regularmente, influenciados por la repetición y las consecuencias de nuestras acciones."
18,Como podemos cambiar un hábito?,"Para cambiar un hábito, necesitamos identificar el comportamiento, reemplazarlo por uno positivo, y ser consistentes en la repetición hasta que el nuevo hábito se forme de manera automática."
19,Qué papel juega la motivación en el cambio de hábitos?,La motivación es crucial porque nos impulsa a iniciar el proceso de cambio y a mantenernos enfocados a pesar de las dificultades o la falta de resultados inmediatos.
20,Como afecta la adicción a nuestra vida diaria?,"La adicción puede alterar nuestra vida diaria al hacernos priorizar el objeto de la adicción sobre nuestras responsabilidades, relaciones y bienestar."
21,Por qué las personas caen en hábitos destructivos?,"Las personas pueden caer en hábitos destructivos debido a factores emocionales, falta de autocontrol, recompensas inmediatas o patrones de pensamiento negativo que refuerzan el comportamiento."
22,Qué es la procrastinación y cómo nos afecta?,"La procrastinación es la acción de posponer tareas importantes, lo que puede generar estrés, ansiedad y acumulación de trabajo."
23,Por qué las emociones pueden ser tan difíciles de expresar?,"Las emociones pueden ser difíciles de expresar debido a miedos de ser juzgados, la falta de vocabulario emocional o la inseguridad sobre cómo serán recibidas."
24,Qué es la ansiedad?,La ansiedad es una sensación de preocupación o miedo frente a situaciones que percibimos como amenazantes o inciertas.
25,Cómo se relacionan las emociones y los pensamientos?,"Las emociones y los pensamientos están profundamente conectados. Nuestros pensamientos pueden generar emociones y, a su vez, nuestras emociones influyen en cómo interpretamos los pensamientos."
26,Qué es la empatía?,"La empatía es la capacidad de ponerse en el lugar de otra persona, entender sus emociones y responder de manera compasiva."
27,Por qué es importante la autocompasión?,"La autocompasión es importante porque nos permite ser amables con nosotros mismos, especialmente en momentos de dificultad, ayudando a reducir el estrés y la autocrítica."
28,Cómo afectan los traumas pasados a nuestra percepción actual?,"Los traumas pasados pueden influir en cómo percibimos el presente, ya que nuestras experiencias pasadas pueden modelar nuestras reacciones emocionales y nuestros pensamientos."
29,Qué es el estrés?,"El estrés es una respuesta emocional y fisiológica a las demandas o presiones externas, como el trabajo o problemas personales."
30,Por qué las personas tienen diferentes umbrales de tolerancia al estrés?,"Las personas tienen diferentes umbrales de tolerancia al estrés debido a factores como la genética, experiencias previas, habilidades de afrontamiento y el apoyo social disponible."
31,Qué es la resiliencia?,"La resiliencia es la capacidad de adaptarse y superar situaciones adversas, aprendiendo de ellas para seguir adelante."
32,Cómo afectan las redes sociales a nuestras emociones?,"Las redes sociales pueden afectar nuestras emociones al generar comparaciones, ansiedad por la validación externa o emociones positivas por la interacción social."
33,Por qué es importante tener una red de apoyo emocional?,"Una red de apoyo emocional es fundamental para ayudarnos a enfrentar los desafíos emocionales, dándonos consuelo y comprensión en momentos de dificultad."
34,Qué es la frustración?,"La frustración es una emoción negativa que surge cuando no logramos cumplir nuestras expectativas o metas, y nos sentimos bloqueados o impotentes."
35,Cómo podemos manejar la frustración de manera saludable?,"Manejar la frustración de manera saludable implica reconocer la emoción, practicar la autorregulación, y buscar soluciones o distracciones positivas."
36,Por qué algunas personas tienen más facilidad para controlar sus emociones?,"Algunas personas tienen más facilidad para controlar sus emociones debido a su inteligencia emocional, la práctica de técnicas de regulación emocional y su entorno de apoyo."
37,Qué es la inteligencia emocional?,"La inteligencia emocional es la capacidad de reconocer, comprender y gestionar nuestras propias emociones, así como las emociones de los demás."
38,Cómo se puede mejorar la inteligencia emocional?,"La inteligencia emocional se puede mejorar mediante la autoconciencia, la regulación emocional, la empatía y las habilidades sociales."
39,Qué son los pensamientos automáticos?,Los pensamientos automáticos son aquellos pensamientos rápidos y no reflexivos que ocurren en nuestra mente sin que los provoquemos conscientemente.
40,Por qué los pensamientos negativos afectan nuestra salud mental?,"Los pensamientos negativos pueden afectar nuestra salud mental al generar estrés, ansiedad y baja autoestima, afectando nuestra percepción de nosotros mismos y del mundo."
41,Cómo el pensamiento positivo impacta en nuestra vida diaria?,"El pensamiento positivo puede mejorar nuestra salud mental, aumentar nuestra motivación, y ayudarnos a ver oportunidades incluso en momentos difíciles."
42,Por qué a veces no vemos las cosas desde una perspectiva objetiva?,"No vemos las cosas objetivamente cuando nuestras emociones o creencias personales influyen en nuestra percepción, distorsionando la realidad."
43,Qué son las creencias limitantes?,"Las creencias limitantes son pensamientos o suposiciones negativas que nos impiden alcanzar nuestro potencial, haciéndonos creer que no somos capaces de lograr algo."
44,Por qué a veces la mente nos juega trucos y distorsiona la realidad?,"La mente puede distorsionar la realidad debido a sesgos cognitivos, emociones intensas o experiencias previas que afectan nuestra percepción."
45,Cómo podemos superar los pensamientos limitantes?,"Superar los pensamientos limitantes implica identificar las creencias negativas, cuestionarlas y reemplazarlas por pensamientos más positivos y realistas."
46,Qué es la autoaceptación?,"La autoaceptación es el acto de aceptarnos tal como somos, reconociendo nuestras fortalezas y debilidades sin juzgarnos severamente."
47,Por qué es difícil cambiar de hábitos?,"Cambiar de hábitos puede ser difícil porque nuestros cerebros están acostumbrados a las rutinas, y los hábitos arraigados requieren esfuerzo y tiempo para ser modificados."
48,Cómo afectan las adicciones a nuestra salud mental?,"Las adicciones afectan nuestra salud mental al generar dependencia, ansiedad, depresión y estrés, interfiriendo en nuestras relaciones y bienestar general."
49,Qué es el autocuidado y por qué es importante?,"El autocuidado es el acto de tomar medidas para mantener nuestra salud física, emocional y mental, y es crucial para prevenir el agotamiento y mejorar nuestra calidad de vida."
50,Por qué algunas personas tienen más dificultades para adaptarse a los cambios?,"Las personas pueden tener dificultades para adaptarse a los cambios debido a la inseguridad, el miedo a lo desconocido, o la falta de recursos emocionales o mentales."
51,Qué es la autorregulación emocional?,La autorregulación emocional es la capacidad de gestionar y controlar nuestras emociones de manera que podamos responder adecuadamente en diferentes situaciones.
52,Que es el aburrimiento?,"Cansancio del ánimo originado por falta de estímulo o distracción, o por molestia reiterada."
53,Que es el autocontrol?,"El autocontrol es la capacidad de controlar tus emociones, impulsos y comportamientos para actuar de manera consciente y adecuada, incluso cuando sentís deseos fuertes o estás bajo presión. Es clave para tomar buenas decisiones, mantener hábitos saludables y alcanzar metas a largo plazo."
